station_code,Vs30
AIC001,168.5333
AIC002,351.6667
AIC003,130.0
AIC004,301.0
AIC005,795.0
AIC006,280.0
AIC007,276.3333
AIC008,732.3333
AIC009,343.0
AIC010,187.3333
AIC011,236.6667
AIC012,200.0
AIC013,590.0
AIC014,341.3333
AIC015,352.3333
AIC016,222.0
AIC017,277.0
AIC018,1054.6667
AKT001,519.0
AKT002,291.0
AKT003,458.0
AKT004,373.3333
AKT005,204.6667
AKT006,360.0
AKT007,487.3333
AKT008,283.3333
AKT009,403.3333
AKT010,380.6667
AKT011,420.3333
AKT012,354.6667
AKT013,618.0
AKT014,602.6667
AKT015,137.0
AKT016,196.5
AKT017,545.6667
AKT018,428.0
AKT019,334.6667
AKT020,236.6667
AKT021,556.0
AKT022,478.0
AKT023,454.0
AOM001,432.6667
AOM002,343.0
AOM003,166.0
AOM004,359.3333
AOM005,266.3333
AOM006,303.3333
AOM007,379.0
AOM008,391.6667
AOM009,398.0
AOM010,247.3333
AOM011,300.6667
AOM012,226.6667
AOM013,372.0
AOM014,278.6667
AOM015,449.0
AOM016,254.3333
AOM017,584.0
AOM018,410.0
AOM019,119.3333
AOM020,164.6667
AOM021,284.3333
AOM022,432.3333
AOM023,205.0
AOM024,165.0
AOM025,318.0
AOM026,239.6667
AOM027,310.6667
AOM028,636.6667
AOM029,466.3333
CHB001,256.6667
CHB002,388.6667
CHB003,191.6667
CHB004,334.0
CHB005,410.1667
CHB006,340.6667
CHB007,258.3333
CHB008,128.0
CHB009,158.0
CHB010,240.6667
CHB011,198.6667
CHB012,226.6667
CHB013,326.0
CHB014,172.3333
CHB015,123.8333
CHB016,162.0
CHB017,267.5
CHB018,484.6667
CHB019,140.6667
CHB020,164.1667
CHB021,668.0
CHB022,352.0
CHB024,205.3333
EHM001,458.0557
EHM002,537.0
EHM003,260.0
EHM004,262.6667
EHM005,364.0
EHM006,566.0
EHM007,214.0
EHM008,257.3333
EHM009,368.0
EHM010,363.3333
EHM011,294.6667
EHM012,540.0
EHM013,485.3333
EHM014,286.6667
EHM015,298.7333
EHM016,229.0
FKI001,534.3333
FKI002,322.0
FKI003,255.6667
FKI004,418.0
FKI005,452.0
FKI006,570.0
FKI007,157.3333
FKI008,199.0
FKI009,154.0
FKI010,202.0
FKI011,744.6667
FKO001,222.6667
FKO002,106.3333
FKO003,240.3333
FKO004,314.6667
FKO005,216.3333
FKO006,150.0
FKO007,416.6667
FKO008,559.6667
FKO009,400.3333
FKO010,468.3333
FKO011,212.6667
FKO012,338.0
FKO013,409.3333
FKO014,884.6667
FKO015,149.6667
FKO016,417.0
FKS001,336.3333
FKS002,536.0
FKS003,300.0
FKS004,297.6667
FKS005,562.3333
FKS006,233.3333
FKS007,584.0
FKS008,312.0
FKS009,397.0
FKS010,482.0
FKS011,437.3333
FKS012,215.3333
FKS013,244.3333
FKS014,785.7113
FKS015,547.3333
FKS016,386.6667
FKS017,272.6667
FKS018,245.3333
FKS019,287.6667
FKS020,123.0
FKS021,389.6667
FKS022,187.3853
FKS023,219.0
FKS024,202.6667
FKS025,601.0
FKS026,398.6667
FKS027,639.6667
FKS028,263.6667
FKS029,884.3333
FKS030,484.0
FKS031,446.0
GIF001,434.3333
GIF002,515.3333
GIF003,544.3333
GIF004,443.3333
GIF005,390.3333
GIF006,603.0
GIF007,314.0
GIF008,554.0
GIF009,465.3333
GIF010,490.0
GIF011,520.0
GIF012,422.0
GIF013,491.0
GIF014,503.6667
GIF015,536.0
GIF016,609.3333
GIF017,458.6667
GIF018,347.3333
GIF019,639.3333
GIF020,409.0
GIF021,581.3333
GIF022,471.0
GIF023,454.6667
GIF024,456.6667
GIF025,458.3333
GIF026,462.0
GNM001,535.8333
GNM002,584.8333
GNM003,475.8333
GNM004,316.6667
GNM005,368.0
GNM006,556.8333
GNM007,252.6667
GNM008,353.5
GNM009,520.6667
GNM010,277.0
GNM011,247.6667
GNM012,320.1667
GNM013,279.3333
GNM014,275.6667
GNM015,764.8333
GNM016,441.0
HKD001,520.3333
HKD002,451.0
HKD003,109.0
HKD004,81.1667
HKD005,415.0
HKD006,214.0
HKD007,386.6667
HKD008,264.0
HKD009,282.0
HKD010,623.0
HKD011,425.3333
HKD012,383.6667
HKD013,566.6667
HKD014,255.3333
HKD015,221.3333
HKD016,222.0
HKD017,407.6667
HKD018,561.0
HKD019,362.6667
HKD020,601.6667
HKD021,367.3333
HKD022,484.0
HKD023,255.0
HKD024,402.6667
HKD025,260.3333
HKD026,335.0
HKD027,516.0
HKD028,512.3333
HKD029,463.6667
HKD030,448.3333
HKD031,539.0
HKD032,318.0
HKD033,526.4333
HKD034,281.3333
HKD035,676.5333
HKD036,143.3333
HKD037,336.0
HKD038,679.0
HKD039,492.0
HKD040,323.0
HKD041,576.6667
HKD042,531.0
HKD043,226.0
HKD044,166.6667
HKD045,647.0
HKD046,699.3333
HKD047,412.0
HKD048,210.0
HKD049,375.0
HKD050,304.3333
HKD051,270.0
HKD052,220.0
HKD053,312.3333
HKD054,489.0
HKD055,283.8
HKD056,266.6667
HKD057,300.4
HKD058,305.8
HKD059,230.4667
HKD060,239.0
HKD061,225.3333
HKD062,153.3333
HKD063,396.5
HKD064,343.3333
HKD065,564.6667
HKD066,131.0
HKD067,236.0
HKD068,256.6667
HKD069,181.0
HKD070,153.9333
HKD071,274.3333
HKD072,344.3333
HKD073,266.0
HKD074,309.6667
HKD075,552.3333
HKD076,134.0667
HKD077,205.8667
HKD078,241.3333
HKD079,181.3333
HKD080,282.0
HKD081,328.3333
HKD082,150.0
HKD083,681.6667
HKD084,480.0
HKD085,150.0
HKD086,141.0
HKD087,390.8667
HKD088,511.0
HKD089,395.6667
HKD090,680.8
HKD091,76.7
HKD092,260.6667
HKD093,354.6667
HKD094,326.6667
HKD095,477.0
HKD096,430.0
HKD097,218.6667
HKD098,472.6667
HKD099,218.0
HKD100,260.9333
HKD101,645.6667
HKD102,360.1333
HKD103,358.0
HKD104,298.0
HKD105,517.0
HKD106,234.6667
HKD107,389.0
HKD108,240.0
HKD109,235.8333
HKD110,197.0
HKD111,353.0
HKD112,308.6667
HKD113,745.0
HKD114,449.0
HKD115,314.0
HKD116,390.6667
HKD117,479.3333
HKD118,387.6667
HKD119,393.0667
HKD120,258.3333
HKD121,374.0
HKD122,229.3333
HKD123,887.3333
HKD124,542.6667
HKD125,239.3333
HKD126,160.3333
HKD127,382.0
HKD128,163.0
HKD129,443.6667
HKD130,398.6667
HKD131,474.6667
HKD132,226.6667
HKD133,366.6667
HKD134,413.3333
HKD135,266.0
HKD136,287.6667
HKD137,679.6667
HKD138,367.6667
HKD139,484.6667
HKD140,372.0
HKD141,669.0
HKD142,228.6667
HKD143,378.6667
HKD144,234.0
HKD145,254.0
HKD146,408.6667
HKD147,300.0
HKD148,310.6667
HKD149,544.6667
HKD150,309.6667
HKD151,188.6667
HKD152,479.6667
HKD153,456.6667
HKD154,397.0
HKD155,255.0
HKD156,371.3333
HKD157,472.6667
HKD158,122.0
HKD159,398.3333
HKD160,259.0
HKD161,115.3333
HKD162,330.0
HKD163,497.6667
HKD164,450.3333
HKD165,236.3333
HKD166,641.0
HKD167,258.3333
HKD168,374.0
HKD169,467.0
HKD170,732.0
HKD171,677.0
HKD172,379.0
HKD173,279.0
HKD174,396.6667
HKD175,421.0
HKD176,409.6667
HKD177,425.0
HKD178,161.0
HKD179,190.0
HKD180,137.3333
HKD181,218.0
HKD182,348.3333
HKD183,545.3333
HKD184,310.0
HKD185,374.0
HRS001,448.3333
HRS002,377.0
HRS003,412.0
HRS004,581.6667
HRS005,497.0
HRS006,350.2
HRS007,604.0
HRS008,380.0
HRS009,492.0
HRS010,316.3333
HRS011,529.0
HRS012,363.0
HRS013,126.0
HRS014,210.0
HRS015,258.0
HRS016,523.3333
HRS017,409.6667
HRS018,153.0
HRS019,268.3333
HRS020,460.3333
HRS021,352.6667
HYG001,582.0
HYG002,298.3333
HYG003,364.3333
HYG004,736.3333
HYG005,338.3333
HYG006,596.6667
HYG007,659.6667
HYG008,411.6667
HYG009,380.6667
HYG010,323.0
HYG011,586.0
HYG012,453.3333
HYG013,361.0
HYG014,758.3333
HYG015,519.0
HYG016,209.6667
HYG017,495.0
HYG018,393.3333
HYG019,254.0
HYG020,362.3333
HYG021,592.6667
HYG022,205.6667
HYG023,346.6667
HYG024,251.6667
HYG025,314.0
HYG026,489.3333
HYG027,792.0
IBR001,251.0
IBR002,437.6667
IBR003,293.3333
IBR004,364.0
IBR005,384.3333
IBR006,318.6667
IBR007,337.6667
IBR008,546.6667
IBR009,272.0
IBR010,229.3333
IBR011,261.3333
IBR012,194.0
IBR013,319.3333
IBR014,278.0
IBR015,212.6667
IBR016,280.0
IBR017,262.0
IBR018,359.0
ISK001,669.0
ISK002,158.6667
ISK003,496.6667
ISK004,189.6667
ISK005,124.3333
ISK006,355.3333
ISK007,134.6667
ISK008,248.0
ISK009,212.6667
ISK010,497.0
ISK011,163.3333
ISK012,514.0
ISK013,417.3333
ISK014,108.0
ISK015,550.0
IWT001,265.5
IWT002,344.6667
IWT003,218.3333
IWT004,193.3333
IWT005,441.6667
IWT006,392.6667
IWT007,372.3333
IWT008,1223.3333
IWT009,777.3333
IWT010,528.6667
IWT011,250.0
IWT012,238.6667
IWT013,365.0
IWT014,313.3333
IWT015,430.0
IWT016,496.0
IWT017,506.6667
IWT018,381.3333
IWT019,1405.6667
IWT020,106.0
IWT021,261.3333
IWT022,525.0
IWT023,614.0
IWT024,463.0
IWT025,406.0
IWT026,285.4367
KGS001,384.6667
KGS002,515.6667
KGS003,312.6667
KGS004,177.0
KGS005,370.0
KGS006,331.0
KGS007,201.6667
KGS008,312.6667
KGS009,198.0
KGS010,272.3333
KGS011,266.0
KGS012,197.0
KGS013,443.6667
KGS014,265.0
KGS015,278.6667
KGS016,319.3333
KGS017,249.6667
KGS018,234.0
KGS019,420.6667
KGS020,384.0
KGS021,236.3333
KGS022,451.6667
KGS023,238.6667
KGS024,446.3333
KGS025,841.6667
KGS026,394.6667
KGS027,418.6667
KGS028,355.3333
KGS029,689.3333
KGS030,340.0
KGS031,354.3333
KGS032,526.0
KGS033,301.3333
KGS034,785.0
KGS035,601.3333
KGS036,194.3333
KGS037,418.0
KGW001,292.0
KGW002,253.6667
KGW003,402.0
KGW004,140.7293
KGW005,180.6667
KGW006,350.0
KGW007,425.0
KGW008,367.3333
KMM001,591.6667
KMM002,404.0
KMM003,276.0
KMM004,297.3333
KMM005,449.0
KMM006,228.6667
KMM007,394.3333
KMM008,233.6667
KMM009,387.3333
KMM010,161.0
KMM011,261.6667
KMM012,190.3333
KMM013,449.0
KMM014,1439.3333
KMM015,371.6667
KMM016,226.0
KMM017,411.0
KMM018,547.0
KMM019,702.3333
KMM020,612.0
KMM021,204.0
KMM022,613.0
KNG001,137.8333
KNG002,100.0
KNG003,561.0
KNG004,363.5
KNG005,518.6667
KNG006,338.1667
KNG007,446.0
KNG008,366.1667
KNG009,179.5
KNG010,235.3333
KNG011,578.3333
KNG012,481.6667
KNG013,79.1667
KNG014,409.8333
KOC001,283.0
KOC002,227.3333
KOC003,241.0
KOC004,452.0
KOC005,557.6667
KOC006,233.6667
KOC007,172.0
KOC008,993.3333
KOC009,644.0
KOC010,397.3333
KOC011,1017.5667
KOC012,424.0
KOC013,203.3333
KOC014,191.0
KOC015,148.0
KOC016,611.6667
KOC017,1033.0
KYT001,533.3333
KYT002,122.0
KYT003,586.6667
KYT004,150.6667
KYT005,1240.3333
KYT006,502.0
KYT007,659.3333
KYT008,613.3333
KYT009,707.3333
KYT010,524.6667
KYT011,371.3333
KYT012,531.057
KYT013,352.6667
KYT014,697.3333
KYT015,98.7153
MIE001,524.0
MIE002,253.0
MIE003,221.3333
MIE004,449.0
MIE005,494.6667
MIE006,232.6667
MIE007,617.0
MIE008,292.6667
MIE009,203.6667
MIE010,265.0
MIE011,856.6667
MIE012,734.6667
MIE013,212.0
MIE014,1013.3333
MIE015,484.6667
MIE016,586.0
MIE017,576.6667
MIE018,482.76800000000003
MYG001,460.0
MYG002,494.3333
MYG003,524.6667
MYG004,293.0
MYG005,366.0
MYG006,156.0
MYG007,428.3333
MYG008,618.0
MYG009,592.6667
MYG010,166.0
MYG011,1687.3333
MYG012,664.0
MYG013,330.6667
MYG014,402.0
MYG015,216.6667
MYG016,504.0
MYG017,148.3333
MYG018,422.3333
MYG019,230.3333
MYZ001,427.6667
MYZ002,569.0
MYZ003,306.6667
MYZ004,675.3333
MYZ005,974.6667
MYZ006,510.6667
MYZ007,573.0
MYZ008,405.6667
MYZ009,205.3333
MYZ010,294.6667
MYZ011,336.0
MYZ012,630.3333
MYZ013,178.0
MYZ014,247.6667
MYZ015,345.3333
MYZ016,329.0
MYZ017,408.0
MYZ018,385.0
MYZ019,757.3333
MYZ020,505.3333
NAR001,367.3333
NAR002,339.3333
NAR003,228.6667
NAR004,428.3333
NAR005,334.0
NAR006,584.6667
NAR007,598.6667
NAR008,608.6667
NAR009,473.0
NGN001,288.3333
NGN002,308.8333
NGN003,536.0
NGN004,456.3333
NGN005,532.6667
NGN006,390.3333
NGN007,346.3333
NGN008,543.0
NGN009,406.3333
NGN010,307.1667
NGN011,569.6667
NGN012,545.0
NGN013,847.3333
NGN014,321.0
NGN015,185.0
NGN016,264.6667
NGN017,420.0
NGN018,433.6667
NGN019,314.6667
NGN020,600.5
NGN021,542.3333
NGN022,479.3333
NGN023,499.1667
NGN024,265.5
NGN025,355.3333
NGS001,237.6667
NGS002,160.3333
NGS003,505.0
NGS004,552.0
NGS005,480.0
NGS006,626.6667
NGS007,487.0
NGS008,842.6667
NGS009,354.3333
NGS010,375.6667
NGS011,780.0
NGS012,366.6667
NGS013,578.0
NGS014,286.0
NGS015,594.0
NGS016,460.3333
NGS017,470.0
NGS018,733.0
NGS019,193.3333
NGS020,961.6667
NGS021,469.0
NGS022,493.6667
NGS023,255.0
NIG001,923.3333
NIG002,261.3333
NIG003,206.0
NIG004,309.6667
NIG005,305.0
NIG006,191.3333
NIG007,281.3333
NIG008,279.6667
NIG009,175.3333
NIG010,127.2667
NIG011,153.0
NIG012,216.6667
NIG013,170.0
NIG014,131.0
NIG015,460.3333
NIG016,311.0
NIG017,307.0
NIG018,189.0
NIG019,414.3333
NIG020,429.3333
NIG021,420.3333
NIG022,207.0
NIG023,625.6667
NIG024,385.3333
NIG025,127.0
NIG026,278.3333
NIG027,444.0
OIT001,487.3333
OIT002,392.6667
OIT003,418.6667
OIT004,306.6667
OIT005,764.6667
OIT006,902.6667
OIT007,334.3333
OIT008,492.0
OIT009,212.6667
OIT010,239.0
OIT011,202.3333
OIT012,737.6667
OIT013,1102.6667
OIT014,524.0
OIT015,404.6667
OIT016,166.6667
OIT017,1006.3333
OIT018,1215.0
OKN001,365.6667
OKN002,372.6667
OKN003,342.0
OKN004,257.3333
OKN005,348.3333
OKN006,518.3333
OKN007,360.0
OKN008,526.3333
OKN009,302.6667
OKN010,546.3333
OKN011,553.0
OKY001,402.6667
OKY002,483.0
OKY003,573.3333
OKY004,466.6667
OKY005,378.6667
OKY006,441.0
OKY007,492.0
OKY008,470.0
OKY009,590.6667
OKY010,360.0
OKY011,237.3333
OKY012,262.0
OKY013,587.3333
OKY014,407.0
OKY015,403.3333
OSK001,303.3333
OSK002,312.0
OSK003,236.3333
OSK004,243.0
OSK005,292.0
OSK006,214.0
OSK007,377.0
OSK008,262.0
OSK009,528.0
OSK010,232.6667
SAG001,932.0
SAG002,223.9
SAG003,327.0
SAG004,420.0
SAG005,482.0
SAG006,376.3333
SAG007,151.6667
SAG008,513.6667
SIG001,347.0
SIG002,425.3333
SIG003,241.6667
SIG004,358.6667
SIG005,241.0
SIG006,388.6667
SIG007,227.3907
SIG008,397.6667
SIG009,237.3333
SIG010,385.3333
SIG011,265.6667
SIG012,584.6667
SIT001,340.0
SIT002,305.6667
SIT003,89.6
SIT004,333.3333
SIT005,225.6667
SIT006,895.6667
SIT007,643.6667
SIT008,160.0
SIT009,333.0
SIT010,146.6667
SIT011,121.0
SIT012,778.5
SIT013,260.8333
SIT014,365.6667
SMN001,328.0
SMN002,152.0
SMN003,421.0
SMN004,446.0
SMN005,174.0
SMN006,524.0
SMN007,368.6667
SMN008,375.0
SMN009,375.3333
SMN010,716.3333
SMN011,925.0
SMN012,466.0
SMN013,608.0
SMN014,304.0
SMN015,470.0
SMN016,283.3333
SMN017,392.0
SMN018,287.6667
SMN019,235.3333
SMN020,786.8187
SZO001,396.0
SZO002,289.8333
SZO003,194.0
SZO004,772.3333
SZO005,216.6667
SZO006,541.6667
SZO007,414.0
SZO008,357.0
SZO009,589.6667
SZO010,265.0
SZO011,316.7133
SZO012,384.0
SZO013,136.0
SZO014,380.0
SZO015,470.0
SZO016,221.6667
SZO017,297.3333
SZO018,370.6667
SZO019,690.0
SZO020,948.3333
SZO021,583.3333
SZO022,318.3333
SZO023,250.0
SZO024,408.0
SZO025,168.0
SZO026,523.0
TCG001,496.0
TCG002,498.0
TCG003,360.5
TCG004,462.0
TCG005,264.5
TCG006,501.1667
TCG007,546.5
TCG008,337.0
TCG009,301.5
TCG010,439.5
TCG011,653.6667
TCG012,389.3333
TCG013,364.0
TCG014,402.5
TCG015,383.80800000000005
TCG016,600.776
TKS001,142.0
TKS002,181.6667
TKS003,528.0
TKS004,300.3333
TKS005,745.6667
TKS006,240.0
TKS007,383.3333
TKS008,442.6667
TKS009,496.0
TKS010,398.0
TKS011,759.3333
TKS012,455.0
TKY001,535.0
TKY002,519.6667
TKY003,325.6667
TKY004,343.3333
TKY005,372.714
TKY006,283.8333
TKY007,305.3333
TKY008,475.1667
TKY009,305.0
TKY010,300.3333
TKY011,393.6667
TKY012,502.6667
TKY029,490.3333
TTR001,284.0
TTR002,314.9667
TTR003,468.0
TTR004,347.6667
TTR005,110.0
TTR006,336.6667
TTR007,474.0
TTR008,148.6667
TTR009,499.0
TYM001,526.0
TYM002,153.0
TYM003,553.3333
TYM004,388.0
TYM005,130.3333
TYM006,283.3333
TYM007,284.3333
TYM008,473.3333
TYM009,305.3333
TYM010,372.0
TYM011,437.3333
TYM012,418.6667
WKY001,212.6667
WKY002,453.0
WKY003,153.3333
WKY004,923.6667
WKY005,493.3333
WKY006,202.6667
WKY007,431.3333
WKY008,201.6667
WKY009,223.6667
WKY010,606.0
WKY011,716.6667
WKY012,389.3333
WKY013,983.6667
WKY014,579.6667
YMG001,160.6667
YMG002,160.0
YMG003,286.0
YMG004,395.0
YMG005,612.0
YMG006,508.6667
YMG007,376.6667
YMG008,381.6667
YMG009,310.6667
YMG010,445.5
YMG011,308.0
YMG012,190.0
YMG013,213.3333
YMG014,400.0
YMG015,329.5
YMG016,224.6667
YMG017,192.0
YMG018,338.0
YMG019,1670.0
YMN001,1161.3333
YMN002,343.0
YMN003,579.3333
YMN004,408.5
YMN005,193.3333
YMN006,381.0
YMN007,406.0
YMN008,609.0
YMN009,379.8333
YMN010,485.5
YMN011,234.0
YMT001,203.3333
YMT002,516.3333
YMT003,376.6667
YMT004,384.6667
YMT005,144.0
YMT006,108.3333
YMT007,290.0
YMT008,235.0
YMT009,302.6667
YMT010,689.0
YMT011,218.6667
YMT012,389.0
YMT013,505.6667
YMT014,538.6667
YMT015,142.0
YMT016,390.3333
ABSH01,1193.3333
ABSH02,885.3333
ABSH03,782.0
ABSH04,1720.0
ABSH05,950.6667
ABSH06,344.0
ABSH07,358.6667
ABSH08,654.0
ABSH09,508.0
ABSH10,956.6667
ABSH11,316.0
ABSH12,357.3333
ABSH13,516.6667
ABSH14,416.6667
ABSH15,489.3333
AICH04,260.0
AICH05,329.3333
AICH06,235.3333
AICH07,974.0
AICH08,664.0
AICH09,300.6667
AICH10,1030.6667
AICH11,594.6667
AICH12,166.6667
AICH14,419.3333
AICH15,857.3333
AICH16,380.0
AICH17,508.6667
AICH18,780.6667
AICH19,1017.3333
AICH20,1434.0
AICH21,435.3333
AICH22,423.3333
AICH23,230.0
AKTH01,531.3333
AKTH02,787.3333
AKTH03,350.6667
AKTH04,594.6667
AKTH05,980.0
AKTH06,323.3333
AKTH07,354.0
AKTH08,582.0
AKTH09,330.6667
AKTH10,507.3333
AKTH11,382.0
AKTH12,579.3333
AKTH13,974.6667
AKTH14,493.3333
AKTH15,908.6667
AKTH16,414.0
AKTH17,295.3333
AKTH18,340.0
AKTH19,374.0
AOMH01,398.0
AOMH02,1085.3333
AOMH03,670.0
AOMH05,350.0
AOMH06,486.0
AOMH07,676.0
AOMH08,358.6667
AOMH09,407.3333
AOMH10,371.3333
AOMH11,1052.0
AOMH12,346.6667
AOMH13,160.6667
AOMH14,516.6667
AOMH15,750.6667
AOMH16,288.6667
AOMH17,480.6667
AOMH18,585.3333
CHBH06,260.6667
CHBH14,245.6667
CHBH16,390.0
CHBH17,566.6667
CHBH20,1920.0
EHMH01,993.3333
EHMH02,553.4
EHMH03,730.0
EHMH04,320.6667
EHMH05,497.6
EHMH06,1208.0
EHMH07,391.3333
EHMH08,508.0
EHMH09,279.3333
EHMH10,567.3333
EHMH11,1289.6667
EHMH13,848.0
FKIH01,1556.6667
FKIH02,428.0
FKIH03,888.0
FKIH04,300.0
FKIH05,194.6667
FKIH06,482.6667
FKIH07,545.3333
FKOH01,1345.3333
FKOH02,419.0
FKOH03,540.6667
FKOH04,477.8
FKOH05,1544.0
FKOH06,1016.6667
FKOH07,276.6667
FKOH08,915.0
FKOH09,590.0
FKOH10,1080.6667
FKSH01,1190.6667
FKSH02,525.3333
FKSH03,402.3333
FKSH04,317.0
FKSH05,1038.0
FKSH06,918.3333
FKSH07,1339.3333
FKSH08,746.6667
FKSH09,1376.0
FKSH10,676.6667
FKSH11,245.3333
FKSH12,636.0
FKSH13,973.3333
FKSH14,251.3333
FKSH15,890.0
FKSH16,682.6667
FKSH17,916.0
FKSH18,407.3333
FKSH19,496.6667
FKSH20,350.0
FKSH21,407.6667
GIFH03,541.3333
GIFH04,597.3333
GIFH05,370.6667
GIFH06,476.0
GIFH07,664.6667
GIFH08,490.6667
GIFH09,260.0
GIFH10,495.3333
GIFH11,1127.3333
GIFH12,770.0
GIFH13,679.0
GIFH14,738.6667
GIFH15,373.3333
GIFH16,1033.3333
GIFH17,562.0
GIFH18,668.0
GIFH19,958.3333
GIFH20,892.0
GIFH21,1305.3333
GIFH22,906.6667
GIFH23,802.3333
GIFH24,1386.6667
GIFH25,500.0
GIFH26,511.3333
GIFH27,898.6667
GIFH28,400.0
GIFH29,512.0
GNMH07,804.0
GNMH08,352.0
GNMH09,946.0
GNMH10,804.0
GNMH11,470.6667
GNMH12,648.0
GNMH13,370.0
GNMH14,1209.3333
HDKH01,525.3333
HDKH02,530.6667
HDKH03,473.3333
HDKH04,266.6667
HDKH05,927.3333
HDKH06,460.0
HDKH07,507.3333
HRSH01,612.5333
HRSH02,774.8
HRSH03,686.6667
HRSH04,812.0
HRSH05,382.6667
HRSH06,308.3333
HRSH07,471.3333
HRSH08,910.0
HRSH09,674.6667
HRSH10,308.0
HRSH11,1196.0
HRSH12,1318.0
HRSH13,894.6667
HRSH14,607.0
HRSH15,991.0
HRSH16,1068.0
HRSH17,1334.0
HRSH18,550.0
HYGH01,372.8667
HYGH02,943.0
HYGH03,1134.0
HYGH04,808.6667
HYGH05,1016.6667
HYGH06,452.6667
HYGH07,600.6667
HYGH08,449.4
HYGH09,515.1333
HYGH10,240.8
HYGH11,342.6667
HYGH12,902.3333
HYGH13,468.6667
HYGH14,896.0
HYGH15,730.0
HYMH01,474.0
HYMH02,563.3333
HYMH03,822.0
IBRH06,539.5667
IBRH10,200.0
IBRH11,286.6667
IBRH12,592.6667
IBRH13,372.3333
IBRH14,1425.3333
IBRH15,882.0
IBRH16,1031.0
IBRH17,331.3333
IBRH18,625.0
IBRH19,1126.6667
IBRH20,253.3333
IBUH01,397.3333
IBUH02,751.6667
IBUH03,136.6667
IBUH04,506.0
IBUH05,513.3333
IBUH06,316.6667
IBUH07,277.3333
IKRH01,421.3333
IKRH02,141.3333
IKRH03,526.6667
ISKH01,364.6667
ISKH02,758.0
ISKH03,394.0
ISKH04,444.0
ISKH05,934.6667
ISKH06,552.0
ISKH07,440.0
ISKH08,494.6667
ISKH09,749.3333
IWTH01,645.3333
IWTH02,573.0
IWTH03,1386.6667
IWTH04,585.0
IWTH05,500.3333
IWTH06,648.0
IWTH07,750.0
IWTH08,396.0
IWTH09,1274.6667
IWTH10,744.0
IWTH11,428.6667
IWTH12,418.6667
IWTH13,1265.3333
IWTH14,1318.0
IWTH15,386.0
IWTH16,558.6667
IWTH17,1776.0
IWTH18,1490.0
IWTH19,609.3333
IWTH20,314.0
IWTH21,841.3333
IWTH22,828.6667
IWTH23,1309.3333
IWTH24,533.3333
IWTH25,510.0
IWTH26,469.3333
IWTH27,1370.0
IWTH28,439.3333
KGSH01,630.6667
KGSH02,901.6667
KGSH03,1336.6667
KGSH04,296.6667
KGSH05,574.0
KGSH06,693.6667
KGSH07,260.0
KGSH09,440.6667
KGSH10,326.0
KGSH11,568.0
KGSH12,666.0
KGSH13,567.0
KGWH01,376.4
KGWH02,217.2
KGWH03,1732.6667
KGWH04,862.6667
KGWH05,780.0
KKWH01,550.0
KKWH02,687.3333
KKWH03,740.0
KKWH04,481.0
KKWH05,640.6667
KKWH06,996.0
KKWH07,538.6667
KKWH08,412.0
KKWH09,678.6667
KKWH10,412.0
KKWH11,272.0
KKWH12,820.0
KKWH13,424.0
KKWH14,666.0
KKWH15,703.3333
KMMH01,755.0
KMMH02,857.3333
KMMH03,471.3333
KMMH04,135.3333
KMMH05,330.0
KMMH06,1066.6667
KMMH07,775.0
KMMH08,543.3333
KMMH09,550.0
KMMH10,580.0
KMMH11,1366.6667
KMMH12,444.0
KMMH13,473.3333
KMMH14,320.6667
KMMH15,566.0
KMMH16,357.0
KMMH17,983.3333
KNGH18,422.6667
KNGH19,846.6667
KNGH20,456.0
KNGH21,1208.3333
KNGH22,396.6667
KOCH01,514.0
KOCH02,864.6667
KOCH03,756.6667
KOCH04,1413.3333
KOCH05,370.0
KOCH06,200.0
KOCH07,611.3333
KOCH08,873.3333
KOCH10,1232.6667
KOCH11,836.0
KOCH12,554.0
KOCH13,880.6667
KSRH01,328.6667
KSRH02,298.0
KSRH03,292.0
KSRH04,232.0
KSRH05,620.0
KSRH06,393.3333
KSRH07,300.0
KSRH08,913.3333
KSRH09,340.6667
KSRH10,237.3333
KYTH01,282.6667
KYTH02,672.6667
KYTH03,887.3333
KYTH04,1220.3333
KYTH05,150.0
KYTH06,913.3333
KYTH08,453.3333
MIEH01,456.6667
MIEH02,642.0
MIEH03,690.0
MIEH04,558.6667
MIEH05,782.0
MIEH06,1579.3333
MIEH07,904.0
MIEH08,1336.6667
MIEH09,905.0
MIEH10,490.6667
MYGH01,210.0
MYGH02,457.3333
MYGH03,1286.6667
MYGH04,1448.0
MYGH05,342.6667
MYGH06,657.3333
MYGH07,404.6667
MYGH08,552.0
MYGH09,389.3333
MYGH10,371.3333
MYGH11,1459.3333
MYGH12,1189.3333
MYGH13,783.6667
MYZH01,574.5
MYZH02,1188.0
MYZH03,826.0
MYZH04,765.3333
MYZH05,1315.3333
MYZH06,1183.3333
MYZH07,1151.3333
MYZH08,428.0
MYZH09,1116.0
MYZH10,625.6667
MYZH11,576.6667
MYZH12,460.6667
MYZH13,262.6667
MYZH14,484.0
MYZH15,658.0
MYZH16,1049.0
NARH01,697.0
NARH02,711.4
NARH03,1251.2
NARH04,512.2533
NARH05,741.2
NARH06,704.7933
NARH07,1010.5
NGNH03,745.6667
NGNH08,476.6667
NGNH09,850.0
NGNH10,614.0
NGNH11,461.3333
NGNH13,627.3333
NGNH14,549.3333
NGNH15,997.3333
NGNH16,340.0
NGNH17,850.0
NGNH18,464.0
NGNH19,539.0
NGNH20,654.6667
NGNH21,544.6667
NGNH22,1096.0
NGNH23,613.3333
NGNH24,512.6667
NGNH25,998.0
NGNH26,315.0
NGNH27,364.6667
NGNH28,530.6667
NGNH29,601.6667
NGNH30,636.0
NGNH31,666.6667
NGNH32,331.3333
NGNH33,489.3333
NGNH34,533.6667
NGNH35,714.0
NGNH36,550.0
NGNH37,457.3333
NGNH54,685.3333
NGSH01,934.0
NGSH02,714.0
NGSH03,793.3333
NGSH04,1261.3333
NGSH05,472.0
NGSH06,1580.0
NIGH02,383.3333
NIGH03,263.3333
NIGH04,455.3333
NIGH05,260.6667
NIGH06,247.3333
NIGH07,843.3333
NIGH08,348.0
NIGH09,551.3333
NIGH10,672.6667
NIGH11,386.6667
NIGH12,605.3333
NIGH13,494.0
NIGH14,498.0
NIGH15,740.6667
NIGH16,583.3333
NIGH17,506.6667
NIGH18,368.0
NIGH19,660.0
NMRH01,522.6667
NMRH02,412.0
NMRH03,198.6667
NMRH04,185.3333
NMRH05,235.3333
OITH01,1206.6667
OITH02,1053.3333
OITH03,617.0
OITH04,623.6667
OITH05,1390.0
OITH06,762.0
OITH07,418.6667
OITH08,1430.6667
OITH09,1514.1667
OITH10,984.0
OITH11,516.6667
OKYH01,310.6667
OKYH02,1866.1333
OKYH03,730.0667
OKYH04,886.2667
OKYH05,825.3333
OKYH06,597.3333
OKYH07,1083.3333
OKYH08,840.0
OKYH09,804.3333
OKYH10,840.0
OKYH11,783.3333
OKYH12,1220.0
OKYH13,897.3333
OKYH14,1458.6667
OSKH01,500.0
OSKH02,500.0
OSKH03,638.6
OSKH04,790.4
OSKH05,190.0
OSMH01,273.3333
OSMH02,343.3333
RMIH01,324.6667
RMIH02,162.0
RMIH03,268.0
RMIH04,568.6667
RMIH05,300.0
SAGH01,1592.0
SAGH02,750.6667
SAGH03,628.0
SAGH04,1286.6667
SAGH05,1000.0
SBSH01,1166.0
SBSH02,983.3333
SBSH03,240.0
SBSH04,675.3333
SBSH05,290.0
SBSH06,480.0
SBSH07,237.3333
SBSH08,395.3333
SBSH09,767.3333
SBSH10,1064.0
SIGH01,803.3333
SIGH02,700.0
SIGH03,418.0
SIGH04,504.0
SITH05,936.6667
SITH06,580.6667
SITH07,866.0
SITH08,964.0
SITH09,1252.3333
SITH10,1173.6667
SITH11,694.0
SMNH01,628.0
SMNH02,602.3333
SMNH03,536.3333
SMNH04,593.6667
SMNH05,1166.6667
SMNH06,302.0
SMNH07,319.3333
SMNH08,1017.3333
SMNH09,722.0
SMNH10,1064.0
SMNH11,780.0
SMNH12,1344.6667
SMNH13,1396.6667
SMNH14,1213.3333
SMNH15,525.6667
SMNH16,334.6667
SOYH01,418.6667
SOYH02,118.6667
SOYH03,282.6667
SOYH04,336.0
SOYH05,725.0
SOYH06,333.6667
SOYH07,1020.6667
SOYH08,664.0
SOYH09,276.6667
SOYH10,644.0
SRCH01,386.6667
SRCH02,420.0
SRCH03,226.6667
SRCH04,401.3333
SRCH05,454.0
SRCH06,449.3333
SRCH07,441.3333
SRCH08,431.3333
SRCH09,312.0
SRCH10,1149.3333
SZOH24,1554.6667
SZOH25,347.3333
SZOH26,317.3333
SZOH28,243.3333
SZOH29,1027.6667
SZOH30,814.0
SZOH31,563.3333
SZOH32,691.6667
SZOH33,843.3333
SZOH34,521.3333
SZOH35,240.0
SZOH36,826.6667
SZOH37,706.6667
SZOH38,649.3333
SZOH39,656.0
SZOH40,710.0
SZOH41,766.0
SZOH42,225.0
SZOH43,391.6667
SZOH53,1086.6667
SZOH54,916.0
TCGH07,525.3333
TCGH08,902.0
TCGH09,612.0
TCGH10,502.6667
TCGH11,493.3333
TCGH12,416.0
TCGH13,926.0
TCGH14,1214.0
TCGH15,638.6667
TCGH16,285.3333
TCGH17,1726.6667
TKCH01,560.0
TKCH02,530.0
TKCH03,507.3333
TKCH04,480.0
TKCH05,464.0
TKCH06,316.6667
TKCH07,156.0
TKCH08,433.3333
TKCH10,1076.6667
TKCH11,486.0
TKSH01,909.6667
TKSH02,623.3333
TKSH03,893.0
TKSH04,790.0
TKSH05,443.3333
TKSH06,535.3333
TKYH12,480.0
TKYH13,1454.3333
TTRH01,488.0
TTRH02,365.6667
TTRH03,261.3333
TTRH04,261.3333
TTRH05,872.0
TTRH06,704.0
TTRH07,407.0
TYMH01,589.3333
TYMH02,160.0
TYMH04,669.3333
TYMH05,732.0
TYMH06,570.0
TYMH07,518.6667
WKYH01,923.7333
WKYH02,828.0
WKYH03,858.6667
WKYH04,1348.6667
WKYH05,511.4
WKYH06,1014.0
WKYH07,405.6667
WKYH08,406.6667
WKYH09,490.0
WKYH10,960.0
YMGH01,1586.6667
YMGH02,927.2667
YMGH03,720.5333
YMGH04,733.4667
YMGH05,730.2
YMGH06,2100.0
YMGH07,647.6
YMGH08,679.8667
YMGH09,400.0
YMGH10,922.0
YMGH11,900.0
YMGH12,1296.6667
YMGH13,468.0
YMGH14,663.3333
YMGH15,815.0
YMGH16,865.0
YMGH17,266.0
YMNH09,929.3333
YMNH10,1129.3333
YMNH11,311.6667
YMNH12,607.0
YMNH13,1080.0
YMNH14,566.6667
YMNH15,920.0
YMTH01,337.3333
YMTH02,294.6667
YMTH03,978.0
YMTH04,282.0
YMTH05,590.6667
YMTH06,308.6667
YMTH07,451.3333
YMTH08,402.6667
YMTH09,354.6667
YMTH10,407.3333
YMTH11,494.0
YMTH12,386.6667
YMTH13,739.3333
YMTH14,360.6667
YMTH15,318.0
GNMH06,232.0
IBRH08,259.0
CHB023,381.0
SZO027,641.0
CHB030,158.0
IBR019,776.0
KNG205,600.0
KNG202,600.0
KNG203,600.0
KNG204,600.0
KNG206,600.0
NIG028,321.0
TKY021,151.0
TKY028,151.0
CHB026,368.0
CHB028,234.0
KNG201,600.0
TKY013,150.0
TKY014,151.0
TKY016,153.0
TKY018,150.0
TKY022,152.0
TKY023,144.0
TKY026,142.0
YMT017,349.0
CHB025,418.0
CHB027,464.0
TKY015,144.0
TKY017,153.0
TKY019,154.0
TKY020,151.0
TKY025,216.0
CHB029,260.0
TKY024,144.0
TKY027,260.0
SZO028,510.0
